scenario,baseline_status,after_status,baseline_modulation,after_modulation,baseline_bits,after_bits,baseline_fec,after_fec,after_interleaver,baseline_crc_pass,after_crc_pass,after_payload_exact,baseline_runtime_seconds,after_runtime_seconds,root_cause,remaining_limitation
T2-01,FAIL,complete,8psk,qpsk,5856,3904,,Conv_R12_K5,Block_8x8,False,True,True,27.724225100129843,1.4839382999925874,"The feature extractor saw uncompensated CFO, producing a confident 8PSK label for a QPSK signal.",Phase ambiguity is selected only if the supplied frame length and CRC validate a candidate; otherwise the phase remains unresolved.
T2-02,FAIL,complete,8psk,bpsk,12420,4140,,Conv_R12_K7,,False,True,True,62.35769019997679,3.7565967999980785,"The feature extractor saw uncompensated CFO, producing a confident 8PSK label for a BPSK signal.",Phase ambiguity is selected only if the supplied frame length and CRC validate a candidate; otherwise the phase remains unresolved.
T2-03,PARTIAL,complete,8psk,8psk,4140,4140,,Conv_R12_K7,Convolutional_Depth_12,False,True,True,20.65391659992747,3.880432000005385,Carrier phase fitting was rejected; a CRC-selected PSK phase rotation resolves the ambiguity.,CRC phase search requires caller-supplied expected payload length and CRC presence.
T2-04,REJECTED,not_rerun_gate_review_only,unknown,unknown (baseline classifier outcome),0,0,,,,,,,0.6317388000898063,,The frozen classifier had near-tied 16QAM and 8PSK scores and rejected the class as ambiguous; the new signal-support gate does not resolve class ambiguity.,"T2-04 remains an in-scope 16QAM classification failure. The OOD gate does not worsen its path, but this cycle did not change the model or classifier acceptance margin."
T2-05,PARTIAL,PARTIAL,qpsk,qpsk,8192,8192,,,,,,False,0.09668580000288785,0.0,"Carrier phase recovery omitted the QPSK constellation phase anchor, biasing its phase estimate. After correcting that estimate, QPSK still has an inherent fourfold rotational ambiguity that cannot be selected without CRC or a sync word. The previous cycle output also omitted stereo-IQ WAV handling because the ground-truth format string is stereo_wav_iq; the final same-capture run uses treat_stereo_as_iq=True.","The analyzer returns a complete 8,192-bit QPSK demodulation but cannot select the payload rotation without frame evidence; harness payload match remains false. The saved-reference rotation diagnostic found an exact candidate at quarter_turns=2 and did not apply it."
T2-07,partial,complete,8psk,qpsk,392832,261888,,,,,,,2618.440727500012,427.6461784999992,"Raw CFO phase drift caused the frozen classifier to label QPSK as 8PSK, inflating the bit stream and making the FEC search explore structurally implausible hypotheses.",Expected payload length must be supplied by the caller for these exact length prunes; no payload contents were passed into analysis.
T2-08,FAIL,complete,8psk,qpsk,12288,8192,,Conv_R12_K7,Diag_16x16_S1,False,True,True,105.1327665001154,16.47624590000487,"The feature extractor saw uncompensated CFO, producing a confident 8PSK label for a QPSK signal.",Phase ambiguity is selected only if the supplied frame length and CRC validate a candidate; otherwise the phase remains unresolved.
T2-09,OOD_FAIL,rejected,16qam,unknown,16384,0,,,,,,,168.71341519989073,0.021379799989517778,The frozen classifier assigned near-certain 16QAM to noise-only input; the geometric signal-support gate rejects it.,The structural fit gate is not a calibrated general OOD detector; unknown signals that fit a supported geometry may pass.
T2-10,OOD_FAIL,rejected,16qam,unknown,6400,0,,,,,,,42.60592670016922,0.010772999987239018,The frozen classifier assigned near-certain 16QAM to OFDM; the geometric signal-support gate rejects it.,The structural fit gate is not a calibrated general OOD detector; unknown signals that fit a supported geometry may pass.
