scenario_id,ground_truth_modulation,predicted_modulation,modulation_confidence,ood_state,injected_cfo_hz,estimated_cfo_hz,fec_ground_truth,interleaver_ground_truth,accepted_fec,accepted_interleaver,crc,payload_match,status,failure_reason
T2-01,QPSK,8psk,0.9990460375766295,"{""accepted_candidate_count"": 0, ""best_candidate_accepted"": false, ""crc_valid_recovery"": false, ""expected_ood"": false, ""explicitly_rejected"": false, ""fec_search_status"": ""no_fec_candidate""}",150.0,145.2021974980235,Conv_R12_K5,Block_8x8,,,False,,FAIL,"failed gates: modulation, fec_interleaver_crc"
T2-02,BPSK,8psk,0.9999977528614875,"{""accepted_candidate_count"": 0, ""best_candidate_accepted"": false, ""crc_valid_recovery"": false, ""expected_ood"": false, ""explicitly_rejected"": false, ""fec_search_status"": ""no_fec_candidate""}",-200.0,-198.8529920697958,Conv_R12_K7,None,,,False,,FAIL,"failed gates: modulation, fec_interleaver_crc"
T2-03,8PSK,8psk,0.9999980433091609,"{""accepted_candidate_count"": 0, ""best_candidate_accepted"": false, ""crc_valid_recovery"": false, ""expected_ood"": false, ""explicitly_rejected"": false, ""fec_search_status"": ""no_fec_candidate""}",400.0,400.97310813945046,Conv_R12_K7,Convolutional_Depth_12,,,False,,PARTIAL,failed gates: fec_interleaver_crc
T2-04,16QAM,unknown,0.05423551766129037,"{""accepted_candidate_count"": 0, ""best_candidate_accepted"": null, ""crc_valid_recovery"": false, ""expected_ood"": false, ""explicitly_rejected"": false, ""fec_search_status"": ""unavailable""}",100.0,,RS_255_223,Block_32x32,,,,,REJECTED,"failed gates: modulation, demodulation, fec_interleaver_crc"
T2-05,QPSK,qpsk,0.9979265862527592,"{""accepted_candidate_count"": 0, ""best_candidate_accepted"": null, ""crc_valid_recovery"": false, ""expected_ood"": false, ""explicitly_rejected"": false, ""fec_search_status"": ""not_requested""}",0.0,0.03724615310063768,None,None,,,,False,PARTIAL,failed gates: payload
T2-06,2FSK,2fsk,0.999998780208137,"{""accepted_candidate_count"": 1, ""best_candidate_accepted"": true, ""crc_valid_recovery"": true, ""expected_ood"": false, ""explicitly_rejected"": false, ""fec_search_status"": ""accepted""}",0.0,,Conv_R12_K3,None,Conv_R12_K3,,True,True,PASS,
T2-07,QPSK,8psk,0.9999997812165518,"{""accepted_candidate_count"": 0, ""best_candidate_accepted"": false, ""crc_valid_recovery"": false, ""expected_ood"": false, ""explicitly_rejected"": false, ""fec_search_status"": ""no_fec_candidate""}",250.0,249.99903077507028,Concat_RS223_Conv7,Block_16x16,,,False,,FAIL,"failed gates: modulation, fec_interleaver_crc"
T2-08,QPSK,8psk,0.9999991017281685,"{""accepted_candidate_count"": 0, ""best_candidate_accepted"": false, ""crc_valid_recovery"": false, ""expected_ood"": false, ""explicitly_rejected"": false, ""fec_search_status"": ""no_fec_candidate""}",300.0,298.86634467124617,Conv_R12_K7,Diag_16x16_S1,,,False,,FAIL,"failed gates: modulation, fec_interleaver_crc"
T2-09,Noise-only,16qam,0.9999999999999998,"{""accepted_candidate_count"": 50, ""best_candidate_accepted"": true, ""crc_valid_recovery"": false, ""expected_ood"": true, ""explicitly_rejected"": false, ""fec_search_status"": ""no_fec_candidate""}",0.0,,None,None,,,,,OOD_FAIL,classifier accepted 16qam with confidence 0.9999999999999998; analyzer reported 50 accepted trial candidates
T2-10,OFDM,16qam,0.9999999999198896,"{""accepted_candidate_count"": 45, ""best_candidate_accepted"": true, ""crc_valid_recovery"": false, ""expected_ood"": true, ""explicitly_rejected"": false, ""fec_search_status"": ""no_fec_candidate""}",0.0,,None,None,,,,,OOD_FAIL,classifier accepted 16qam with confidence 0.9999999999198896; analyzer reported 45 accepted trial candidates
